<?xml version="1.0" encoding="UTF-8" ?>
<Interface Domain="HomeAutomation.TexecomInterface" AssemblyName="MIG-TexecomInterface" SupportedPlatform="All">
  <Options>
    <Option Name="IPAddress" Value="192.168.0.14" />
    <Option Name="Port" Value="10001" />
    <Option Name="UDLPassword" Value="1234" />
    <Option Name="DontAutoReconnect" Value="False" />
  </Options>
  <Description>Interface for communicating with various Texecom alarm panels via the Texecom Simple and Texecom Connect protocols</Description>
</Interface>