<?xml version="1.0"?>
<doc>
    <assembly>
        <name>MIG-TexecomInterface</name>
    </assembly>
    <members>
        <member name="T:MIG.Interfaces.HomeAutomation.ModuleEvents">
            <summary>
            Common Home Automation events.
            </summary>
        </member>
        <member name="T:MIG.Interfaces.HomeAutomation.TexecomInterface">
            <summary>
            Texecom Interface
            </summary>
        </member>
        <member name="F:MIG.Interfaces.HomeAutomation.TexecomInterface.interfaceModules">
            <summary>
            List of interface modules
            </summary>
        </member>
        <member name="F:MIG.Interfaces.HomeAutomation.TexecomInterface.Log">
            <summary>
            Logger
            </summary>
        </member>
        <member name="P:MIG.Interfaces.HomeAutomation.TexecomInterface.IsEnabled">
            <summary>
            Gets or sets whether the 
            </summary>
        </member>
        <member name="P:MIG.Interfaces.HomeAutomation.TexecomInterface.IsConnected">
            <summary>
            Gets or sets whether the interface is connected
            </summary>
        </member>
        <member name="P:MIG.Interfaces.HomeAutomation.TexecomInterface.Options">
            <summary>
            Interface Options
            </summary>
        </member>
        <member name="F:MIG.Interfaces.HomeAutomation.TexecomInterface.alarm">
            <summary>
            Alarm
            </summary>
        </member>
        <member name="E:MIG.Interfaces.HomeAutomation.TexecomInterface.InterfaceModulesChanged">
            <summary>
            InterfaceModuleChanged event handler
            </summary>
        </member>
        <member name="E:MIG.Interfaces.HomeAutomation.TexecomInterface.InterfacePropertyChanged">
            <summary>
            InterfacePropertyChanged event handler
            </summary>
        </member>
        <member name="M:MIG.Interfaces.HomeAutomation.TexecomInterface.OnSetOption(MIG.Config.Option)">
            <summary>
            Called when an option is changed
            </summary>
            <param name="option"></param>
        </member>
        <member name="M:MIG.Interfaces.HomeAutomation.TexecomInterface.IsDevicePresent">
            <summary>
            Checks if the interface device is present
            </summary>
            <returns>bool</returns>
        </member>
        <member name="M:MIG.Interfaces.HomeAutomation.TexecomInterface.Connect">
            <summary>
            Connect
            </summary>
            <returns>bool</returns>
        </member>
        <member name="M:MIG.Interfaces.HomeAutomation.TexecomInterface.AddZones">
            <summary>
            Adds Zones
            </summary>
        </member>
        <member name="M:MIG.Interfaces.HomeAutomation.TexecomInterface.AddAreas">
            <summary>
            Add Areas
            </summary>
        </member>
        <member name="M:MIG.Interfaces.HomeAutomation.TexecomInterface.Disconnect">
            <summary>
            Disconnects
            </summary>
        </member>
        <member name="M:MIG.Interfaces.HomeAutomation.TexecomInterface.Dispose">
            <summary>
            Dispose
            </summary>
        </member>
        <member name="M:MIG.Interfaces.HomeAutomation.TexecomInterface.InterfaceControl(MIG.MigInterfaceCommand)">
            <summary>
            InterfaceControl
            </summary>
            <param name="request">reqyest</param>
            <returns>object</returns>
        </member>
        <member name="M:MIG.Interfaces.HomeAutomation.TexecomInterface.OnInterfaceModulesChanged(System.String)">
            <summary>
            Called when the interface modules have changed
            </summary>
            <param name="domain"></param>
        </member>
        <member name="M:MIG.Interfaces.HomeAutomation.TexecomInterface.OnInterfacePropertyChanged(System.String,System.String,System.String,System.String,System.Object)">
            <summary>
            Called when an interface propery changes
            </summary>
            <param name="domain">domain</param>
            <param name="source">source</param>
            <param name="description">description</param>
            <param name="propertyPath">propertyPath</param>
            <param name="propertyValue">propertyValue</param>
        </member>
        <member name="M:MIG.Interfaces.HomeAutomation.TexecomInterface.GetModules">
            <summary>
            Gets a list of interface modules
            </summary>
            <returns></returns>
        </member>
    </members>
</doc>
