<?xml version="1.0"?>
<doc>
    <assembly>
        <name>TexecomInterface</name>
    </assembly>
    <members>
        <member name="T:TexecomInterface.AlarmPanel">
            <summary>
            Alarm Panel Connect Protocol
            </summary>
            <summary>
            Alarm Panel Main
            </summary>
            <summary>
            Initializes a new instance of the <see cref="T:TexecomInterface.AlarmPanel"/> class.
            </summary>
        </member>
        <member name="M:TexecomInterface.AlarmPanel.CalcCRC8(System.Byte[]@,System.Int32)">
            <summary>
            Calculates the CRC Value for the message
            </summary>
            <param name="data">data to calculate the crc for</param>
            <param name="bytes">length</param>
            <returns>crc</returns>
        </member>
        <member name="M:TexecomInterface.AlarmPanel.ValidateCrc(TexecomInterface.Interfaces.Response)">
            <summary>
            Validates the message based on the CRC provided by the panel
            </summary>
            <param name="resp">response</param>
            <returns>true or false</returns>
        </member>
        <member name="M:TexecomInterface.AlarmPanel.ConProto_Login">
            <summary>
            Logs in to the panel  - Command 01
            </summary>
        </member>
        <member name="M:TexecomInterface.AlarmPanel.ConProto_KeepAlive">
            <summary>
            Keep connection alive by logging in
            </summary>
        </member>
        <member name="M:TexecomInterface.AlarmPanel.ConProto_GetZoneState(System.Int32,System.Int32)">
            <summary>
            Gets the zone state
            </summary>
            <param name="startZone">starting zone</param>
            <param name="numZones">number of zones</param>
            <returns>ZoneState</returns>
        </member>
        <member name="M:TexecomInterface.AlarmPanel.Conproto_GetZoneDetails">
            <summary>
            Gets the zone details from the panel - Command 03
            </summary>
        </member>
        <member name="M:TexecomInterface.AlarmPanel.ConProto_OmitZone">
            <summary>
            Omit Zone – Command 04
            </summary>
        </member>
        <member name="M:TexecomInterface.AlarmPanel.ConProto_UnOmitZone">
            <summary>
            Un-Omit Zone – Command 05
            </summary>
        </member>
        <member name="M:TexecomInterface.AlarmPanel.ConProto_ArmArea">
            <summary>
            Arm Area(s) – Command 06
            </summary>
        </member>
        <member name="M:TexecomInterface.AlarmPanel.ConProto_GetProtocolVersion">
            <summary>
            Get Protocol Version – Command 07
            </summary>
        </member>
        <member name="M:TexecomInterface.AlarmPanel.ConProto_DisarmArea">
            <summary>
            Disarm Area(s) – Command 08
            </summary>
        </member>
        <member name="M:TexecomInterface.AlarmPanel.ConProto_ReSetArea">
            <summary>
            Reset Area(s) – Command 09
            </summary>
        </member>
        <member name="M:TexecomInterface.AlarmPanel.ConProto_GetSystemFlags">
            <summary>
            Get System Flags – Command 10
            </summary>
        </member>
        <member name="M:TexecomInterface.AlarmPanel.ConProto_GetAreaFlagsState(TexecomInterface.Enums.AreaFlagTypes,System.Int32)">
            <summary>
            Get Area Flags – Command 11
            </summary>
            <param name="flagType">flag type</param>
            <param name="areaNum">area number</param>
            <returns>bool</returns>
        </member>
        <member name="M:TexecomInterface.AlarmPanel.ConProto_SendKeyPress">
            <summary>
            Send Key Press – Command 12
            </summary>
        </member>
        <member name="M:TexecomInterface.AlarmPanel.ConProto_GetLCD">
            <summary>
            Gets the LCD Text - Command 13
            </summary>
        </member>
        <member name="M:TexecomInterface.AlarmPanel.ConProto_SetLCD">
            <summary>
            /// Set LCD Display – Command 14
            </summary>
        </member>
        <member name="M:TexecomInterface.AlarmPanel.ConProto_GetLogPointer">
            <summary>
            Get Log Pointer – Command 15
            </summary>
        </member>
        <member name="M:TexecomInterface.AlarmPanel.ConProto_GetRawLogEvent">
            <summary>
            Get Raw Log Event – Command 16
            </summary>
        </member>
        <member name="M:TexecomInterface.AlarmPanel.ConProto_GetTextLogEvent">
            <summary>
            Get Text Log Event – Command 17
            </summary>
        </member>
        <member name="M:TexecomInterface.AlarmPanel.ConProto_GetOutput">
            <summary>
            Get PC/X-10 Outputs – Command 18
            </summary>
        </member>
        <member name="M:TexecomInterface.AlarmPanel.ConProto_SetOutput">
            <summary>
            Set PC/X-10 Outputs – Command 19
            </summary>
        </member>
        <member name="M:TexecomInterface.AlarmPanel.ConProto_GetOutputState">
            <summary>
            Get Output state – Command 20
            </summary>
        </member>
        <member name="M:TexecomInterface.AlarmPanel.ConProto_SetOutputState">
            <summary>
            Set Output state – Command 21
            </summary>
        </member>
        <member name="M:TexecomInterface.AlarmPanel.ConProto_GetPanelDetails">
            <summary>
            Gets the panel details and firmware - Command 22
            </summary>
        </member>
        <member name="M:TexecomInterface.AlarmPanel.ConProto_GetDateTime">
            <summary>
            Get Date Time – Command 23
            </summary>
        </member>
        <member name="M:TexecomInterface.AlarmPanel.ConProto_SetDateTime">
            <summary>
            Set Date Time – Command 24
            </summary>
        </member>
        <member name="M:TexecomInterface.AlarmPanel.ConProto_GetSystemPower">
            <summary>
            Get System Power – Command 25
            </summary>
        </member>
        <member name="M:TexecomInterface.AlarmPanel.ConProto_AddUser">
            <summary>
            Add User – Command 26
            </summary>
        </member>
        <member name="M:TexecomInterface.AlarmPanel.Conproto_GetUser">
            <summary>
            Gets the User details from the panel - Command 27
            </summary>
        </member>
        <member name="M:TexecomInterface.AlarmPanel.ConProto_DeleteUser">
            <summary>
            Delete User – Command 28
            </summary>
        </member>
        <member name="M:TexecomInterface.AlarmPanel.ConProto_ArmAsUser">
            <summary>
            Arm as User – Command 29
            </summary>
        </member>
        <member name="M:TexecomInterface.AlarmPanel.ConProto_DisarmAsUser">
            <summary>
            Disarm as User – Command 30
            </summary>
        </member>
        <member name="M:TexecomInterface.AlarmPanel.ConProto_SetZoneText">
            <summary>
            Set Zone Text – Command 31
            </summary>
        </member>
        <member name="M:TexecomInterface.AlarmPanel.ConProto_GetZoneText">
            <summary>
            Gets the zones text from the panel - Command 32
            </summary>
            <returns>List of zones</returns>
        </member>
        <member name="M:TexecomInterface.AlarmPanel.ConProto_SetAreaText">
            <summary>
            Set Area Text – Command 33
            </summary>
        </member>
        <member name="M:TexecomInterface.AlarmPanel.ConProto_GetAreaText">
            <summary>
            Get Area Text – Command 34
            </summary>
        </member>
        <member name="M:TexecomInterface.AlarmPanel.Conproto_GetAreaDetails">
            <summary>
            Gets the area details from the panel - Command 35
            </summary>
        </member>
        <member name="M:TexecomInterface.AlarmPanel.ConProto_GetZoneChanges">
            <summary>
            Get Zone changes – Command 36
            </summary>
        </member>
        <member name="M:TexecomInterface.AlarmPanel.ConProto_EnableEvents">
            <summary>
            Enable unsolicited event messages from the panel - Command 37
            </summary>
            <returns>bool</returns>
        </member>
        <member name="M:TexecomInterface.AlarmPanel.ConProto_DisableEvents">
            <summary>
            Disable unsolicited event messages from the panel - Command 37
            </summary>
            <returns>bool indicating success</returns>
        </member>
        <member name="M:TexecomInterface.AlarmPanel.ConProto_Listen">
            <summary>
             Enables listening for event messages
            </summary>
        </member>
        <member name="M:TexecomInterface.AlarmPanel.SendCommand(System.Byte[],TexecomInterface.Enums.SendCommandMessageTypes,System.Int32)">
            <summary>
             Send a command to the panel
            </summary>
            <param name="command">command to send</param>
            <param name="messageType">the message type</param>
            <param name="delay">the delay after sending the command</param>
            <returns>Response</returns>
        </member>
        <member name="M:TexecomInterface.AlarmPanel.SendCmd(System.Byte[],TexecomInterface.Enums.SendCommandMessageTypes)">
            <summary>
             Send a command to the panel
            </summary>
            <param name="command">the command</param>
            <param name="messageType">the message type</param>
            <returns>Response</returns>
        </member>
        <member name="M:TexecomInterface.AlarmPanel.GetNextSequenceNumber">
            <summary>
            Gets the next sequence number for sending messages to the panel
            </summary>
            <returns>byte</returns>
        </member>
        <member name="M:TexecomInterface.AlarmPanel.#ctor(TexecomInterface.Interfaces.IConnection,System.Int32)">
            <summary>
            Initializes a new instance of the <see cref="T:TexecomInterface.AlarmPanel"/> class.
            </summary>
            <param name="connection">connection type object</param>
            <param name="udlPassword">udl Password for the panel</param>
        </member>
        <member name="E:TexecomInterface.AlarmPanel.ZoneChanged">
            <summary>
             ZoneChanged Event Handler
            </summary>
        </member>
        <member name="P:TexecomInterface.AlarmPanel.Logger">
            <summary>
            Gets or sets the logger
            </summary>
        </member>
        <member name="P:TexecomInterface.AlarmPanel.AreaCount">
            <summary>
            Gets a count of the maxmium number of areas on the panel
            </summary>
        </member>
        <member name="P:TexecomInterface.AlarmPanel.UserCount">
            <summary>
            Gets a count of the maximum number of users on the panel
            </summary>
        </member>
        <member name="P:TexecomInterface.AlarmPanel.FirmwareVersion">
            <summary>
            Gets the firmware version
            </summary>
        </member>
        <member name="P:TexecomInterface.AlarmPanel.ZoneCount">
            <summary>
            Gets the zone count for the panel
            </summary>
        </member>
        <member name="P:TexecomInterface.AlarmPanel.Range">
            <summary>
            Gets the panel range, IE Elite
            </summary>
        </member>
        <member name="P:TexecomInterface.AlarmPanel.Model">
            <summary>
            Gets the panel model within the range, IE 24, 48
            </summary>
        </member>
        <member name="P:TexecomInterface.AlarmPanel.Locale">
            <summary>
            Gets the panel locale
            </summary>
        </member>
        <member name="P:TexecomInterface.AlarmPanel.LanguageSet">
            <summary>
            Gets the language set for the panel
            </summary>
        </member>
        <member name="P:TexecomInterface.AlarmPanel.Users">
            <summary>
            Gets the panel users
            </summary>
        </member>
        <member name="P:TexecomInterface.AlarmPanel.Zones">
            <summary>
            Gets the Zones
            </summary>
        </member>
        <member name="P:TexecomInterface.AlarmPanel.Areas">
            <summary>
            Gets the areas
            </summary>
        </member>
        <member name="P:TexecomInterface.AlarmPanel.LastSuccessfulComms">
            <summary>
            Gets the date of the last successful comms with the panel
            </summary>
        </member>
        <member name="P:TexecomInterface.AlarmPanel.LastComms">
            <summary>
            Gets the date of the last comms with the panel
            </summary>
        </member>
        <member name="P:TexecomInterface.AlarmPanel.NoAutoReconnect">
            <summary>
            Gets or sets a value indicating whether to auto reconnect to the panel in the event of a disconnection or transport error
            </summary>
        </member>
        <member name="P:TexecomInterface.AlarmPanel.IsConnected">
            <summary>
            Gets a value indicating whether the panel is connected
            </summary>
        </member>
        <member name="M:TexecomInterface.AlarmPanel.SetLogger(NLog.ILogger)">
            <summary>
            connects the logger
            </summary>
            <param name="logger">the logger object</param>
        </member>
        <member name="M:TexecomInterface.AlarmPanel.InitConnection">
            <summary>
            Init the connection
            </summary>
        </member>
        <member name="M:TexecomInterface.AlarmPanel.Disconnect">
            <summary>
             Disconnects from the panel
            </summary>
        </member>
        <member name="M:TexecomInterface.AlarmPanel.OnZoneChanged(TexecomInterface.AlarmPanel.ZoneChangedEventArgs)">
            <summary>
            OnZoneChanged
            </summary>
            <param name="e">eventArgs</param>
        </member>
        <member name="M:TexecomInterface.AlarmPanel.SetPanelSpecificData(System.String)">
            <summary>
            Sets panel specifics that can't be determined via querying the panel
            </summary>
            <param name="model">panel model name</param>
            <returns>bool</returns>
        </member>
        <member name="M:TexecomInterface.AlarmPanel.ProcessMessage(TexecomInterface.Interfaces.Response)">
            <summary>
            Used for processing responses from the panel when listening for un-solicited messages.
            </summary>
            <param name="resp">response</param>
        </member>
        <member name="T:TexecomInterface.AlarmPanel.ZoneChangedEventArgs">
            <summary>
            EventchangedArgs
            </summary>
        </member>
        <member name="P:TexecomInterface.AlarmPanel.ZoneChangedEventArgs.Something">
            <summary>
            Gets or sets Something
            </summary>
        </member>
        <member name="M:TexecomInterface.AlarmPanel.SimpleGetZones">
            <summary>
            Get the zones using the simple protocol
            </summary>
        </member>
        <member name="M:TexecomInterface.AlarmPanel.SimpleSetTime(System.DateTime)">
            <summary>
            Sets the time using the simple protocol
            </summary>
            <param name="dateTime">date time object</param>
        </member>
        <member name="T:TexecomInterface.Classes.Area">
            <summary>
            Area Class
            </summary>
        </member>
        <member name="E:TexecomInterface.Classes.Area.PropertyChanged">
            <summary>
            Proprerty changed event handler
            </summary>
        </member>
        <member name="P:TexecomInterface.Classes.Area.AreaName">
            <summary>
            Gets or sets the Area Name
            </summary>
        </member>
        <member name="P:TexecomInterface.Classes.Area.AreaNumber">
            <summary>
            Gets or sets the area number
            </summary>
        </member>
        <member name="P:TexecomInterface.Classes.Area.State">
            <summary>
            Gets or sets the area state
            </summary>
        </member>
        <member name="M:TexecomInterface.Classes.Area.OnPropertyChanged(System.String)">
            <summary>
            On PropertyChanged
            </summary>
            <param name="name">PropertyName</param>
        </member>
        <member name="T:TexecomInterface.Classes.Zone">
            <summary>
            Zone Class
            </summary>
        </member>
        <member name="E:TexecomInterface.Classes.Zone.PropertyChanged">
            <summary>
            Property changed event handler
            </summary>
        </member>
        <member name="P:TexecomInterface.Classes.Zone.ZoneName">
            <summary>
            Gets or sets zone name
            </summary>
        </member>
        <member name="P:TexecomInterface.Classes.Zone.ZoneNumber">
            <summary>
            Gets or sets zone number
            </summary>
        </member>
        <member name="P:TexecomInterface.Classes.Zone.Type">
            <summary>
            Gets or sets zone type
            </summary>
        </member>
        <member name="P:TexecomInterface.Classes.Zone.State">
            <summary>
            Gets or sets zone State
            </summary>
        </member>
        <member name="M:TexecomInterface.Classes.Zone.OnPropertyChanged(System.String)">
            <summary>
            OnPropertyChanged
            </summary>
            <param name="name">Name</param>
        </member>
        <member name="T:TexecomInterface.MinimumFirmware">
            <summary>
            Minimum firmware attribute for use on a method to restrict the execution of methods on unsupported panel versions
            </summary>
        </member>
        <member name="M:TexecomInterface.MinimumFirmware.#ctor(System.String,System.String)">
            <summary>
            Initializes a new instance of the <see cref="T:TexecomInterface.MinimumFirmware"/> class.
            </summary>
            <param name="protocolName">Protocol Name</param>
            <param name="requiredVersion">minimum required version</param>
        </member>
        <member name="P:TexecomInterface.MinimumFirmware.ProtocolName">
            <summary>
            Gets the protocol name
            </summary>
        </member>
        <member name="P:TexecomInterface.MinimumFirmware.RequiredVersion">
            <summary>
            Gets the minimum required firmware version for the method
            </summary>
        </member>
        <member name="T:TexecomInterface.Enums.AreaFlagTypes">
            <summary>
            Area Flag Types
            </summary>
        </member>
        <member name="T:TexecomInterface.Enums.AreaState">
            <summary>
            Area State Bits
            </summary>
        </member>
        <member name="T:TexecomInterface.Enums.SendCommandMessageTypes">
            <summary>
            Command Message Types
            </summary>
        </member>
        <member name="T:TexecomInterface.Enums.EventMessageTypes">
            <summary>
            Event Message Type Bits
            </summary>
        </member>
        <member name="T:TexecomInterface.Enums.UserState">
            <summary>
            User State Bits
            </summary>
        </member>
        <member name="T:TexecomInterface.Enums.ZoneState">
            <summary>
            Zone state bits
            </summary>
        </member>
        <member name="T:TexecomInterface.Enums.ZoneType">
            <summary>
            Zone Type Atributes
            </summary>
        </member>
        <member name="T:TexecomInterface.Helper">
            <summary>
            Contains helper methods
            </summary>
        </member>
        <member name="M:TexecomInterface.Helper.GenerateSimpleChecksum(System.Byte[])">
            <summary>
            Generates a checksum for the simple protocol
            </summary>
            <param name="command">the command</param>
            <returns>byte</returns>
        </member>
        <member name="M:TexecomInterface.Helper.ValidateSimpleChecksum(System.Byte[])">
            <summary>
            Validates the command has a valid checksum
            </summary>
            <param name="command">command</param>
            <returns>bool</returns>
        </member>
        <member name="M:TexecomInterface.Helper.AppendSimpleChecksum(System.Byte[])">
            <summary>
            Appends the simple protocol checksum to the command
            </summary>
            <param name="command">The Command bytes</param>
            <returns>byte containing the command and checksum</returns>
        </member>
        <member name="M:TexecomInterface.Helper.Combine(System.Byte[],System.Byte[])">
            <summary>
            Used for Combining Byte Arrays
            </summary>
            <param name="first">first byte array</param>
            <param name="second">second byte array</param>
            <returns>byte</returns>
        </member>
        <member name="M:TexecomInterface.Helper.IsAlphaNumeric(System.String)">
            <summary>
            Checks to see if a string consists of alphanumeric characters
            </summary>
            <param name="strToCheck">The string to verify</param>
            <returns>bool</returns>
        </member>
        <member name="M:TexecomInterface.Helper.IsValidZoneNumber(System.Int32,System.Int32)">
            <summary>
            Checks the zone number is valid for the panel
            </summary>
            <param name="zoneNumber"></param>
            <param name="panelZoneCount"></param>
            <returns>bool indicating if its a valid value</returns>
        </member>
        <member name="M:TexecomInterface.Helper.IsValidAreaNumber(System.Int32,System.Int32)">
            <summary>
            Checks the area number is valid for the panel
            </summary>
            <param name="areaNumber"></param>
            <param name="areaCount"></param>
            <returns>bool indicating if its a valid value</returns>
        </member>
        <member name="T:TexecomInterface.Interfaces.IConnection">
            <summary>
            Interface for connections to the panel
            </summary>
        </member>
        <member name="E:TexecomInterface.Interfaces.IConnection.MessageReceived">
            <summary>
            Action for message received
            </summary>
        </member>
        <member name="P:TexecomInterface.Interfaces.IConnection.Connected">
            <summary>
            Gets a value indicating whether gets the connection state
            </summary>
        </member>
        <member name="M:TexecomInterface.Interfaces.IConnection.SendCommand(System.Byte[],System.String,System.Int32)">
            <summary>
            Send a command to the panel
            </summary>
            <param name="command">command to send</param>
            <param name="messageType">MessageType to send</param>
            <param name="delay">delay to pause after sending the command</param>
            <returns>response</returns>
        </member>
        <member name="M:TexecomInterface.Interfaces.IConnection.SetLogger(NLog.ILogger)">
            <summary>
            Connect the Logger
            </summary>
            <param name="logger">logger</param>
        </member>
        <member name="M:TexecomInterface.Interfaces.IConnection.Send(System.Byte[])">
            <summary>
            Sends a command
            </summary>
            <param name="command">the comamnd</param>
        </member>
        <member name="M:TexecomInterface.Interfaces.IConnection.Connect">
            <summary>
            Connect
            </summary>
        </member>
        <member name="M:TexecomInterface.Interfaces.IConnection.Disconnect">
            <summary>
            Disconnect
            </summary>
        </member>
        <member name="M:TexecomInterface.Interfaces.IConnection.Receive">
            <summary>
            Recieve
            </summary>
        </member>
        <member name="T:TexecomInterface.Interfaces.Response">
            <summary>
            Response Object Class
            </summary>
        </member>
        <member name="P:TexecomInterface.Interfaces.Response.Data">
            <summary>
            Gets or sets gets Data
            </summary>
        </member>
        <member name="P:TexecomInterface.Interfaces.Response.BytesLength">
            <summary>
            Gets or sets the length of the response
            </summary>
        </member>
        <member name="T:TexecomInterface.Interfaces.MessageEventArgs">
            <summary>
            Class for passing Response back to AlarmPanel.
            </summary>
        </member>
        <member name="P:TexecomInterface.Interfaces.MessageEventArgs.Message">
            <summary>
            Gets or sets gets the Response Message
            </summary>
        </member>
        <member name="T:TexecomInterface.PanelData">
            <summary>
            Class for holding the panel's data, such as maximum zones, users etc
            </summary>
        </member>
        <member name="M:TexecomInterface.PanelData.Parse(System.String)">
            <summary>
            Parses the panel data TODO: Determine why I wrote this as it does nothing!!
            </summary>
            <param name="model">The panel model</param>
            <returns>PanelData</returns>
        </member>
        <member name="M:TexecomInterface.PanelData.LoadPanelData">
            <summary>
            Loads the panel data from JSON file
            </summary>
            <returns>PanelData</returns>
        </member>
        <member name="T:TexecomInterface.ConnectionTypes.SerialConnection">
            <summary>
            Serial Connection
            </summary>
        </member>
        <member name="M:TexecomInterface.ConnectionTypes.SerialConnection.#ctor(System.String,System.Int32)">
            <summary>
            Initializes a new instance of the <see cref="T:TexecomInterface.ConnectionTypes.SerialConnection"/> class.
            </summary>
            <param name="serialPort">the serial port device name</param>
            <param name="baudRate">the baud rate</param>
        </member>
        <member name="E:TexecomInterface.ConnectionTypes.SerialConnection.MessageReceived">
            <summary>
            Action for when a message is recieved on the port
            </summary>
        </member>
        <member name="P:TexecomInterface.ConnectionTypes.SerialConnection.SerialPort">
            <summary>
            Gets the serialPort
            </summary>
        </member>
        <member name="P:TexecomInterface.ConnectionTypes.SerialConnection.BaudRate">
            <summary>
            Gets the BaudRate
            </summary>
        </member>
        <member name="P:TexecomInterface.ConnectionTypes.SerialConnection.Connected">
            <summary>
            Gets a value indicating whether the panel is connected
            </summary>
        </member>
        <member name="M:TexecomInterface.ConnectionTypes.SerialConnection.Connect">
            <summary>
             connect to the port
            </summary>
        </member>
        <member name="M:TexecomInterface.ConnectionTypes.SerialConnection.Disconnect">
            <summary>
            disconnect from the port
            </summary>
        </member>
        <member name="M:TexecomInterface.ConnectionTypes.SerialConnection.SendCommand(System.Byte[],System.String,System.Int32)">
            <summary>
            sends a command to the panel
            </summary>
            <param name="command">the command bytes</param>
            <param name="messageType">the messageType</param>
            <param name="delay">delay to wait after sending the command</param>
            <returns>Response</returns>
        </member>
        <member name="M:TexecomInterface.ConnectionTypes.SerialConnection.Send(System.Byte[])">
            <summary>
            Send via the serial device
            </summary>
            <param name="command">command</param>
        </member>
        <member name="M:TexecomInterface.ConnectionTypes.SerialConnection.Receive">
            <summary>
            enables the event handler
            </summary>
        </member>
        <member name="M:TexecomInterface.ConnectionTypes.SerialConnection.Dispose">
            <summary>
            Dispose of the connection
            </summary>
        </member>
        <member name="M:TexecomInterface.ConnectionTypes.SerialConnection.SetLogger(NLog.ILogger)">
            <summary>
            Sets the logger
            </summary>
            <param name="logger">logger</param>
        </member>
        <member name="P:TexecomInterface.ConnectionTypes.SerialConnection.Logger">
            <summary>
            Gets or sets the Logger
            </summary>
        </member>
        <member name="M:TexecomInterface.ConnectionTypes.SerialConnection.OnMessageReceived(TexecomInterface.Interfaces.MessageEventArgs)">
            <summary>
            Message ReeceivedEventHandler
            </summary>
            <param name="e">event</param>
        </member>
        <member name="T:TexecomInterface.ConnectionTypes.TcpConnection">
            <summary>
            TCPConnection
            </summary>
        </member>
        <member name="M:TexecomInterface.ConnectionTypes.TcpConnection.#ctor(System.Net.IPAddress,System.Int32)">
            <summary>
            Initializes a new instance of the <see cref="T:TexecomInterface.ConnectionTypes.TcpConnection"/> class.
            </summary>
            <param name="ip">IP address of the oanel</param>
            <param name="port">tcp port of the panel</param>
        </member>
        <member name="E:TexecomInterface.ConnectionTypes.TcpConnection.MessageReceived">
            <summary>
            MessageReceived
            </summary>
        </member>
        <member name="P:TexecomInterface.ConnectionTypes.TcpConnection.Connected">
            <summary>
            Gets a value indicating whether the panel is connected
            </summary>
        </member>
        <member name="M:TexecomInterface.ConnectionTypes.TcpConnection.SetLogger(NLog.ILogger)">
            <summary>
            Connect the Logger
            </summary>
            <param name="logger">logger</param>
        </member>
        <member name="M:TexecomInterface.ConnectionTypes.TcpConnection.SendCommand(System.Byte[],System.String,System.Int32)">
            <summary>
            Sends a command and awaits a response message
            </summary>
            <param name="command">command</param>
            <param name="messageType">message type</param>
            <param name="delay">delay to wait after sending the commnad</param>
            <returns>response</returns>
        </member>
        <member name="M:TexecomInterface.ConnectionTypes.TcpConnection.Send(System.Byte[])">
            <summary>
            Sends a command without waiting for a response, allowing event handler to process.
            </summary>
            <param name="command">the command to send</param>
        </member>
        <member name="M:TexecomInterface.ConnectionTypes.TcpConnection.Connect">
            <summary>
            Connect
            </summary>
        </member>
        <member name="M:TexecomInterface.ConnectionTypes.TcpConnection.Disconnect">
            <summary>
            Disconnect
            </summary>
        </member>
        <member name="M:TexecomInterface.ConnectionTypes.TcpConnection.Receive">
            <summary>
            Enable event messages
            </summary>
        </member>
        <member name="M:TexecomInterface.ConnectionTypes.TcpConnection.OnMessageReceived(TexecomInterface.Interfaces.MessageEventArgs)">
            <summary>
            OnMessageReceived
            </summary>
            <param name="e">eventargs</param>
        </member>
        <member name="M:TexecomInterface.ConnectionTypes.TcpConnection.TcpReceive(System.Net.Sockets.Socket)">
            <summary>
            Enables event handlers
            </summary>
            <param name="client">client Socket</param>
        </member>
        <member name="T:TexecomInterface.ConnectionTypes.TcpConnection.StateObject">
            <summary>
            StateObject
            </summary>
        </member>
        <member name="F:TexecomInterface.ConnectionTypes.TcpConnection.StateObject.BufferSize">
            <summary>
            Size of receive buffer.
            </summary>
        </member>
        <member name="F:TexecomInterface.ConnectionTypes.TcpConnection.StateObject.WorkSocket">
            <summary>
            Client socket.
            </summary>
        </member>
        <member name="F:TexecomInterface.ConnectionTypes.TcpConnection.StateObject.Buffer">
            <summary>
             Receive buffer.
            </summary>
        </member>
        <member name="F:TexecomInterface.ConnectionTypes.TcpConnection.StateObject.Sb">
            <summary>
            Received data string.
            </summary>
        </member>
    </members>
</doc>
